<PAMDataset>
  <SRS dataAxisToSRSAxisMapping="2,1">GEOGCS["WGS 84",DATUM["WGS_1984",SPHEROID["WGS 84",6378137,298.257223563,AUTHORITY["EPSG","7030"]],AUTHORITY["EPSG","6326"]],PRIMEM["Greenwich",0,AUTHORITY["EPSG","8901"]],UNIT["degree",0.0174532925199433,AUTHORITY["EPSG","9122"]],AXIS["Latitude",NORTH],AXIS["Longitude",EAST],AUTHORITY["EPSG","4326"]]</SRS>
  <GeoTransform>  1.1236684529243129e+02,  2.6949458523585788e-04,  0.0000000000000000e+00, -5.7157106582672803e+00,  0.0000000000000000e+00, -2.6949458523585653e-04</GeoTransform>
  <Metadata>
    <MDI key="AREA_OR_POINT">Area</MDI>
  </Metadata>
  <Metadata domain="IMAGE_STRUCTURE">
    <MDI key="INTERLEAVE">PIXEL</MDI>
  </Metadata>
  <PAMRasterBand band="1">
    <NoDataValue>0.00000000000000E+00</NoDataValue>
  </PAMRasterBand>
  <PAMRasterBand band="2">
    <NoDataValue>0.00000000000000E+00</NoDataValue>
  </PAMRasterBand>
  <PAMRasterBand band="3">
    <NoDataValue>0.00000000000000E+00</NoDataValue>
  </PAMRasterBand>
  <PAMRasterBand band="4">
    <NoDataValue>0.00000000000000E+00</NoDataValue>
  </PAMRasterBand>
</PAMDataset>
